{"events":{"monacoworkbench/packagemetrics":{"commit":{"classification":"SystemMetaData","purpose":"PerformanceAndHealth","endPoint":"none"},"size":{"classification":"SystemMetaData","purpose":"PerformanceAndHealth","endPoint":"none"},"count":{"classification":"SystemMetaData","purpose":"PerformanceAndHealth","endPoint":"none"}},"debug/addLaunchConfiguration":{},"debugProtocolErrorResponse":{"error":{"classification":"CallstackOrException","purpose":"FeatureInsight","endPoint":"none"}},"workspce.tags":{"workbench.filestoopenorcreate":{"classification":"SystemMetaData","purpose":"FeatureInsight","endPoint":"none","isMeasurement":true},"workbench.filestodiff":{"classification":"SystemMetaData","purpose":"FeatureInsight","endPoint":"none","isMeasurement":true},"workspace.id":{"classification":"SystemMetaData","purpose":"FeatureInsight","endPoint":"none"},"workspace.roots":{"classification":"SystemMetaData","purpose":"FeatureInsight","endPoint":"none","isMeasurement":true},"workspace.empty":{"classification":"SystemMetaData","purpose":"FeatureInsight","endPoint":"none","isMeasurement":true},"workspace.grunt":{"classification":"SystemMetaData","purpose":"FeatureInsight","endPoint":"none","isMeasurement":true},"workspace.gulp":{"classification":"SystemMetaData","purpose":"FeatureInsight","endPoint":"none","isMeasurement":true},"workspace.jake":{"classification":"SystemMetaData","purpose":"FeatureInsight","endPoint":"none","isMeasurement":true},"workspace.tsconfig":{"classification":"SystemMetaData","purpose":"FeatureInsight","endPoint":"none","isMeasurement":true},"workspace.jsconfig":{"classification":"SystemMetaData","purpose":"FeatureInsight","endPoint":"none","isMeasurement":true},"workspace.config.xml":{"classification":"SystemMetaData","purpose":"FeatureInsight","endPoint":"none","isMeasurement":true},"workspace.vsc.extension":{"classification":"SystemMetaData","purpose":"FeatureInsight","endPoint":"none","isMeasurement":true},"workspace.asp<NUMBER>":{"classification":"SystemMetaData","purpose":"FeatureInsight","endPoint":"none","isMeasurement":true},"workspace.sln":{"classification":"SystemMetaData","purpose":"FeatureInsight","endPoint":"none","isMeasurement":true},"workspace.unity":{"classification":"SystemMetaData","purpose":"FeatureInsight","endPoint":"none","isMeasurement":true},"workspace.npm":{"classification":"SystemMetaData","purpose":"FeatureInsight","endPoint":"none","isMeasurement":true},"workspace.npm.express":{"classification":"SystemMetaData","purpose":"FeatureInsight","endPoint":"none","isMeasurement":true},"workspace.npm.sails":{"classification":"SystemMetaData","purpose":"FeatureInsight","endPoint":"none","isMeasurement":true},"workspace.npm.koa":{"classification":"SystemMetaData","purpose":"FeatureInsight","endPoint":"none","isMeasurement":true},"workspace.npm.hapi":{"classification":"SystemMetaData","purpose":"FeatureInsight","endPoint":"none","isMeasurement":true},"workspace.npm.socket.io":{"classification":"SystemMetaData","purpose":"FeatureInsight","endPoint":"none","isMeasurement":true},"workspace.npm.restify":{"classification":"SystemMetaData","purpose":"FeatureInsight","endPoint":"none","isMeasurement":true},"workspace.npm.rnpm-plugin-windows":{"classification":"SystemMetaData","purpose":"FeatureInsight","endPoint":"none","isMeasurement":true},"workspace.npm.react":{"classification":"SystemMetaData","purpose":"FeatureInsight","endPoint":"none","isMeasurement":true},"workspace.npm.@angular/core":{"classification":"SystemMetaData","purpose":"FeatureInsight","endPoint":"none","isMeasurement":true},"workspace.npm.vue":{"classification":"SystemMetaData","purpose":"FeatureInsight","endPoint":"none","isMeasurement":true},"workspace.npm.aws-sdk":{"classification":"SystemMetaData","purpose":"FeatureInsight","endPoint":"none","isMeasurement":true},"workspace.npm.aws-amplify-sdk":{"classification":"SystemMetaData","purpose":"FeatureInsight","endPoint":"none","isMeasurement":true},"workspace.npm.@azure":{"classification":"SystemMetaData","purpose":"FeatureInsight","endPoint":"none","isMeasurement":true},"workspace.npm.@azure/ai":{"classification":"SystemMetaData","purpose":"FeatureInsight","endPoint":"none","isMeasurement":true},"workspace.npm.@azure/core":{"classification":"SystemMetaData","purpose":"FeatureInsight","endPoint":"none","isMeasurement":true},"workspace.npm.@azure/cosmos":{"classification":"SystemMetaData","purpose":"FeatureInsight","endPoint":"none","isMeasurement":true},"workspace.npm.@azure/event":{"classification":"SystemMetaData","purpose":"FeatureInsight","endPoint":"none","isMeasurement":true},"workspace.npm.@azure/identity":{"classification":"SystemMetaData","purpose":"FeatureInsight","endPoint":"none","isMeasurement":true},"workspace.npm.@azure/keyvault":{"classification":"SystemMetaData","purpose":"FeatureInsight","endPoint":"none","isMeasurement":true},"workspace.npm.@azure/search":{"classification":"SystemMetaData","purpose":"FeatureInsight","endPoint":"none","isMeasurement":true},"workspace.npm.@azure/storage":{"classification":"SystemMetaData","purpose":"FeatureInsight","endPoint":"none","isMeasurement":true},"workspace.npm.azure":{"classification":"SystemMetaData","purpose":"FeatureInsight","endPoint":"none","isMeasurement":true},"workspace.npm.azure-storage":{"classification":"SystemMetaData","purpose":"FeatureInsight","endPoint":"none","isMeasurement":true},"workspace.npm.@google-cloud/common":{"classification":"SystemMetaData","purpose":"FeatureInsight","endPoint":"none","isMeasurement":true},"workspace.npm.firebase":{"classification":"SystemMetaData","purpose":"FeatureInsight","endPoint":"none","isMeasurement":true},"workspace.npm.heroku-cli":{"classification":"SystemMetaData","purpose":"FeatureInsight","endPoint":"none","isMeasurement":true},"workspace.npm.@microsoft/teams-js":{"classification":"SystemMetaData","purpose":"FeatureInsight","endPoint":"none","isMeasurement":true},"workspace.npm.@microsoft/office-js":{"classification":"SystemMetaData","purpose":"FeatureInsight","endPoint":"none","isMeasurement":true},"workspace.npm.@microsoft/office-js-helpers":{"classification":"SystemMetaData","purpose":"FeatureInsight","endPoint":"none","isMeasurement":true},"workspace.npm.@types/office-js":{"classification":"SystemMetaData","purpose":"FeatureInsight","endPoint":"none","isMeasurement":true},"workspace.npm.@types/office-runtime":{"classification":"SystemMetaData","purpose":"FeatureInsight","endPoint":"none","isMeasurement":true},"workspace.npm.office-ui-fabric-react":{"classification":"SystemMetaData","purpose":"FeatureInsight","endPoint":"none","isMeasurement":true},"workspace.npm.@uifabric/icons":{"classification":"SystemMetaData","purpose":"FeatureInsight","endPoint":"none","isMeasurement":true},"workspace.npm.@uifabric/merge-styles":{"classification":"SystemMetaData","purpose":"FeatureInsight","endPoint":"none","isMeasurement":true},"workspace.npm.@uifabric/styling":{"classification":"SystemMetaData","purpose":"FeatureInsight","endPoint":"none","isMeasurement":true},"workspace.npm.@uifabric/experiments":{"classification":"SystemMetaData","purpose":"FeatureInsight","endPoint":"none","isMeasurement":true},"workspace.npm.@uifabric/utilities":{"classification":"SystemMetaData","purpose":"FeatureInsight","endPoint":"none","isMeasurement":true},"workspace.npm.@microsoft/rush":{"classification":"SystemMetaData","purpose":"FeatureInsight","endPoint":"none","isMeasurement":true},"workspace.npm.lerna":{"classification":"SystemMetaData","purpose":"FeatureInsight","endPoint":"none","isMeasurement":true},"workspace.npm.just-task":{"classification":"SystemMetaData","purpose":"FeatureInsight","endPoint":"none","isMeasurement":true},"workspace.npm.beachball":{"classification":"SystemMetaData","purpose":"FeatureInsight","endPoint":"none","isMeasurement":true},"workspace.npm.electron":{"classification":"SystemMetaData","purpose":"FeatureInsight","endPoint":"none","isMeasurement":true},"workspace.npm.playwright":{"classification":"SystemMetaData","purpose":"FeatureInsight","endPoint":"none","isMeasurement":true},"workspace.npm.playwright-cli":{"classification":"SystemMetaData","purpose":"FeatureInsight","endPoint":"none","isMeasurement":true},"workspace.npm.@playwright/test":{"classification":"SystemMetaData","purpose":"FeatureInsight","endPoint":"none","isMeasurement":true},"workspace.npm.playwright-core":{"classification":"SystemMetaData","purpose":"FeatureInsight","endPoint":"none","isMeasurement":true},"workspace.npm.playwright-chromium":{"classification":"SystemMetaData","purpose":"FeatureInsight","endPoint":"none","isMeasurement":true},"workspace.npm.playwright-firefox":{"classification":"SystemMetaData","purpose":"FeatureInsight","endPoint":"none","isMeasurement":true},"workspace.npm.playwright-webkit":{"classification":"SystemMetaData","purpose":"FeatureInsight","endPoint":"none","isMeasurement":true},"workspace.npm.react-native-macos":{"classification":"SystemMetaData","purpose":"FeatureInsight","endPoint":"none","isMeasurement":true},"workspace.npm.react-native-windows":{"classification":"SystemMetaData","purpose":"FeatureInsight","endPoint":"none","isMeasurement":true},"workspace.bower":{"classification":"SystemMetaData","purpose":"FeatureInsight","endPoint":"none","isMeasurement":true},"workspace.yeoman.code.ext":{"classification":"SystemMetaData","purpose":"FeatureInsight","endPoint":"none","isMeasurement":true},"workspace.cordova.high":{"classification":"SystemMetaData","purpose":"FeatureInsight","endPoint":"none","isMeasurement":true},"workspace.cordova.low":{"classification":"SystemMetaData","purpose":"FeatureInsight","endPoint":"none","isMeasurement":true},"workspace.xamarin.android":{"classification":"SystemMetaData","purpose":"FeatureInsight","endPoint":"none","isMeasurement":true},"workspace.xamarin.ios":{"classification":"SystemMetaData","purpose":"FeatureInsight","endPoint":"none","isMeasurement":true},"workspace.android.cpp":{"classification":"SystemMetaData","purpose":"FeatureInsight","endPoint":"none","isMeasurement":true},"workspace.reactnative":{"classification":"SystemMetaData","purpose":"FeatureInsight","endPoint":"none","isMeasurement":true},"workspace.ionic":{"classification":"SystemMetaData","purpose":"FeatureInsight","endPoint":"none","isMeasurement":"true"},"workspace.nativescript":{"classification":"SystemMetaData","purpose":"FeatureInsight","endPoint":"none","isMeasurement":"true"},"workspace.java.pom":{"classification":"SystemMetaData","purpose":"FeatureInsight","endPoint":"none","isMeasurement":true},"workspace.py.requirements":{"classification":"SystemMetaData","purpose":"FeatureInsight","endPoint":"none","isMeasurement":true},"workspace.py.requirements.star":{"classification":"SystemMetaData","purpose":"FeatureInsight","endPoint":"none","isMeasurement":true},"workspace.py.pipfile":{"classification":"SystemMetaData","purpose":"FeatureInsight","endPoint":"none","isMeasurement":true},"workspace.py.conda":{"classification":"SystemMetaData","purpose":"FeatureInsight","endPoint":"none","isMeasurement":true},"workspace.py.any-azure":{"classification":"SystemMetaData","purpose":"FeatureInsight","endPoint":"none","isMeasurement":true},"workspace.py.pulumi-azure":{"classification":"SystemMetaData","purpose":"FeatureInsight","endPoint":"none","isMeasurement":true},"workspace.py.azure":{"classification":"SystemMetaData","purpose":"FeatureInsight","endPoint":"none","isMeasurement":true},"workspace.py.azure-ai":{"classification":"SystemMetaData","purpose":"FeatureInsight","endPoint":"none","isMeasurement":true},"workspace.py.azure-cognitiveservices":{"classification":"SystemMetaData","purpose":"FeatureInsight","endPoint":"none","isMeasurement":true},"workspace.py.azure-core":{"classification":"SystemMetaData","purpose":"FeatureInsight","endPoint":"none","isMeasurement":true},"workspace.py.azure-cosmos":{"classification":"SystemMetaData","purpose":"FeatureInsight","endPoint":"none","isMeasurement":true},"workspace.py.azure-devtools":{"classification":"SystemMetaData","purpose":"FeatureInsight","endPoint":"none","isMeasurement":true},"workspace.py.azure-elasticluster":{"classification":"SystemMetaData","purpose":"FeatureInsight","endPoint":"none","isMeasurement":true},"workspace.py.azure-event":{"classification":"SystemMetaData","purpose":"FeatureInsight","endPoint":"none","isMeasurement":true},"workspace.py.azure-eventgrid":{"classification":"SystemMetaData","purpose":"FeatureInsight","endPoint":"none","isMeasurement":true},"workspace.py.azure-functions":{"classification":"SystemMetaData","purpose":"FeatureInsight","endPoint":"none","isMeasurement":true},"workspace.py.azure-graphrbac":{"classification":"SystemMetaData","purpose":"FeatureInsight","endPoint":"none","isMeasurement":true},"workspace.py.azure-identity":{"classification":"SystemMetaData","purpose":"FeatureInsight","endPoint":"none","isMeasurement":true},"workspace.py.azure-iothub-device-client":{"classification":"SystemMetaData","purpose":"FeatureInsight","endPoint":"none","isMeasurement":true},"workspace.py.azure-keyvault":{"classification":"SystemMetaData","purpose":"FeatureInsight","endPoint":"none","isMeasurement":true},"workspace.py.azure-loganalytics":{"classification":"SystemMetaData","purpose":"FeatureInsight","endPoint":"none","isMeasurement":true},"workspace.py.azure-mgmt":{"classification":"SystemMetaData","purpose":"FeatureInsight","endPoint":"none","isMeasurement":true},"workspace.py.azure-ml":{"classification":"SystemMetaData","purpose":"FeatureInsight","endPoint":"none","isMeasurement":true},"workspace.py.azure-monitor":{"classification":"SystemMetaData","purpose":"FeatureInsight","endPoint":"none","isMeasurement":true},"workspace.py.azure-search":{"classification":"SystemMetaData","purpose":"FeatureInsight","endPoint":"none","isMeasurement":true},"workspace.py.azure-servicebus":{"classification":"SystemMetaData","purpose":"FeatureInsight","endPoint":"none","isMeasurement":true},"workspace.py.azure-servicefabric":{"classification":"SystemMetaData","purpose":"FeatureInsight","endPoint":"none","isMeasurement":true},"workspace.py.azure-shell":{"classification":"SystemMetaData","purpose":"FeatureInsight","endPoint":"none","isMeasurement":true},"workspace.py.azure-storage":{"classification":"SystemMetaData","purpose":"FeatureInsight","endPoint":"none","isMeasurement":true},"workspace.py.azure-translator":{"classification":"SystemMetaData","purpose":"FeatureInsight","endPoint":"none","isMeasurement":true},"workspace.py.adal":{"classification":"SystemMetaData","purpose":"FeatureInsight","endPoint":"none","isMeasurement":true},"workspace.py.pydocumentdb":{"classification":"SystemMetaData","purpose":"FeatureInsight","endPoint":"none","isMeasurement":true},"workspace.py.botbuilder-core":{"classification":"SystemMetaData","purpose":"FeatureInsight","endPoint":"none","isMeasurement":true},"workspace.py.botbuilder-schema":{"classification":"SystemMetaData","purpose":"FeatureInsight","endPoint":"none","isMeasurement":true},"workspace.py.botframework-connector":{"classification":"SystemMetaData","purpose":"FeatureInsight","endPoint":"none","isMeasurement":true},"workspace.py.playwright":{"classification":"SystemMetaData","purpose":"FeatureInsight","endPoint":"none","isMeasurement":true}},"workspace.remotes":{"domains":{"classification":"SystemMetaData","purpose":"FeatureInsight","endPoint":"none"}},"workspace.hashedRemotes":{"remotes":{"classification":"SystemMetaData","purpose":"FeatureInsight","endPoint":"none"}},"workspace.azure":{"node":{"classification":"SystemMetaData","purpose":"FeatureInsight","endPoint":"none","isMeasurement":true},"java":{"classification":"SystemMetaData","purpose":"FeatureInsight","endPoint":"none","isMeasurement":true}},"extensionGallery:install:recommendations":{"recommendationreason":{"classification":"SystemMetaData","purpose":"FeatureInsight","endPoint":"none","isMeasurement":true},"id":{"classification":"SystemMetaData","purpose":"FeatureInsight","endPoint":"none"},"name":{"classification":"SystemMetaData","purpose":"FeatureInsight","endPoint":"none"},"galleryid":{"classification":"SystemMetaData","purpose":"FeatureInsight","endPoint":"none"},"publisherid":{"classification":"SystemMetaData","purpose":"FeatureInsight","endPoint":"none"},"publishername":{"classification":"SystemMetaData","purpose":"FeatureInsight","endPoint":"none"},"publisherdisplayname":{"classification":"SystemMetaData","purpose":"FeatureInsight","endPoint":"none"},"dependencies":{"classification":"SystemMetaData","purpose":"FeatureInsight","endPoint":"none","isMeasurement":true},"index":{"classification":"SystemMetaData","purpose":"FeatureInsight","endPoint":"none","isMeasurement":true},"searchtext":{"classification":"CustomerContent","purpose":"FeatureInsight","endPoint":"none"},"querysource":{"classification":"SystemMetaData","purpose":"FeatureInsight","endPoint":"none"}},"extensionGallery:openExtension":{"recommendationreason":{"classification":"SystemMetaData","purpose":"FeatureInsight","endPoint":"none","isMeasurement":true},"id":{"classification":"SystemMetaData","purpose":"FeatureInsight","endPoint":"none"},"name":{"classification":"SystemMetaData","purpose":"FeatureInsight","endPoint":"none"},"galleryid":{"classification":"SystemMetaData","purpose":"FeatureInsight","endPoint":"none"},"publisherid":{"classification":"SystemMetaData","purpose":"FeatureInsight","endPoint":"none"},"publishername":{"classification":"SystemMetaData","purpose":"FeatureInsight","endPoint":"none"},"publisherdisplayname":{"classification":"SystemMetaData","purpose":"FeatureInsight","endPoint":"none"},"dependencies":{"classification":"SystemMetaData","purpose":"FeatureInsight","endPoint":"none","isMeasurement":true},"index":{"classification":"SystemMetaData","purpose":"FeatureInsight","endPoint":"none","isMeasurement":true},"searchtext":{"classification":"CustomerContent","purpose":"FeatureInsight","endPoint":"none"},"querysource":{"classification":"SystemMetaData","purpose":"FeatureInsight","endPoint":"none"}},"extensionEditor:navbarChange":{"navitem":{"classification":"SystemMetaData","purpose":"FeatureInsight","endPoint":"none"},"id":{"classification":"SystemMetaData","purpose":"FeatureInsight","endPoint":"none"},"name":{"classification":"SystemMetaData","purpose":"FeatureInsight","endPoint":"none"},"galleryid":{"classification":"SystemMetaData","purpose":"FeatureInsight","endPoint":"none"},"publisherid":{"classification":"SystemMetaData","purpose":"FeatureInsight","endPoint":"none"},"publishername":{"classification":"SystemMetaData","purpose":"FeatureInsight","endPoint":"none"},"publisherdisplayname":{"classification":"SystemMetaData","purpose":"FeatureInsight","endPoint":"none"},"dependencies":{"classification":"SystemMetaData","purpose":"FeatureInsight","endPoint":"none","isMeasurement":true},"index":{"classification":"SystemMetaData","purpose":"FeatureInsight","endPoint":"none","isMeasurement":true},"searchtext":{"classification":"CustomerContent","purpose":"FeatureInsight","endPoint":"none"},"querysource":{"classification":"SystemMetaData","purpose":"FeatureInsight","endPoint":"none"}},"extension:enable":{"id":{"classification":"SystemMetaData","purpose":"FeatureInsight","endPoint":"none"},"name":{"classification":"SystemMetaData","purpose":"FeatureInsight","endPoint":"none"},"galleryid":{"classification":"SystemMetaData","purpose":"FeatureInsight","endPoint":"none"},"publisherid":{"classification":"SystemMetaData","purpose":"FeatureInsight","endPoint":"none"},"publishername":{"classification":"SystemMetaData","purpose":"FeatureInsight","endPoint":"none"},"publisherdisplayname":{"classification":"SystemMetaData","purpose":"FeatureInsight","endPoint":"none"},"dependencies":{"classification":"SystemMetaData","purpose":"FeatureInsight","endPoint":"none","isMeasurement":true},"index":{"classification":"SystemMetaData","purpose":"FeatureInsight","endPoint":"none","isMeasurement":true},"searchtext":{"classification":"CustomerContent","purpose":"FeatureInsight","endPoint":"none"},"querysource":{"classification":"SystemMetaData","purpose":"FeatureInsight","endPoint":"none"}},"extension:disable":{"id":{"classification":"SystemMetaData","purpose":"FeatureInsight","endPoint":"none"},"name":{"classification":"SystemMetaData","purpose":"FeatureInsight","endPoint":"none"},"galleryid":{"classification":"SystemMetaData","purpose":"FeatureInsight","endPoint":"none"},"publisherid":{"classification":"SystemMetaData","purpose":"FeatureInsight","endPoint":"none"},"publishername":{"classification":"SystemMetaData","purpose":"FeatureInsight","endPoint":"none"},"publisherdisplayname":{"classification":"SystemMetaData","purpose":"FeatureInsight","endPoint":"none"},"dependencies":{"classification":"SystemMetaData","purpose":"FeatureInsight","endPoint":"none","isMeasurement":true},"index":{"classification":"SystemMetaData","purpose":"FeatureInsight","endPoint":"none","isMeasurement":true},"searchtext":{"classification":"CustomerContent","purpose":"FeatureInsight","endPoint":"none"},"querysource":{"classification":"SystemMetaData","purpose":"FeatureInsight","endPoint":"none"}},"exthostunresponsive":{"id":{"classification":"SystemMetaData","purpose":"PerformanceAndHealth","endPoint":"none"},"duration":{"classification":"SystemMetaData","purpose":"PerformanceAndHealth","endPoint":"none","isMeasurement":true},"data":{"classification":"SystemMetaData","purpose":"PerformanceAndHealth","endPoint":"none"}},"disableOtherKeymaps":{"oldkeymaps":{"classification":"SystemMetaData","purpose":"FeatureInsight","endPoint":"none"},"confirmed":{"classification":"SystemMetaData","purpose":"FeatureInsight","endPoint":"none","isMeasurement":true},"newkeymap.id":{"classification":"SystemMetaData","purpose":"FeatureInsight","endPoint":"none"},"newkeymap.uuid":{"classification":"SystemMetaData","purpose":"FeatureInsight","endPoint":"none"}},"debugSessionStart":{"type":{"classification":"SystemMetaData","purpose":"FeatureInsight","endPoint":"none"},"breakpointcount":{"classification":"SystemMetaData","purpose":"FeatureInsight","endPoint":"none","isMeasurement":true},"exceptionbreakpoints":{"classification":"SystemMetaData","purpose":"FeatureInsight","endPoint":"none"},"watchexpressionscount":{"classification":"SystemMetaData","purpose":"FeatureInsight","endPoint":"none","isMeasurement":true},"extensionname":{"classification":"PublicNonPersonalData","purpose":"FeatureInsight","endPoint":"none"},"isbuiltin":{"classification":"SystemMetaData","purpose":"FeatureInsight","endPoint":"none","isMeasurement":true},"launchjsonexists":{"classification":"SystemMetaData","purpose":"FeatureInsight","endPoint":"none","isMeasurement":true}},"debugSessionStop":{"type":{"classification":"SystemMetaData","purpose":"FeatureInsight","endPoint":"none"},"success":{"classification":"SystemMetaData","purpose":"FeatureInsight","endPoint":"none","isMeasurement":true},"sessionlengthinseconds":{"classification":"SystemMetaData","purpose":"FeatureInsight","endPoint":"none","isMeasurement":true},"breakpointcount":{"classification":"SystemMetaData","purpose":"FeatureInsight","endPoint":"none","isMeasurement":true},"watchexpressionscount":{"classification":"SystemMetaData","purpose":"FeatureInsight","endPoint":"none","isMeasurement":true}},"keybindings.filter":{"filter":{"classification":"CustomerContent","purpose":"FeatureInsight","endPoint":"none"},"emptyfilters":{"classification":"SystemMetaData","purpose":"FeatureInsight","endPoint":"none"}},"defaultSettings.filter":{"filter":{"classification":"CustomerContent","purpose":"FeatureInsight","endPoint":"none"},"durations.nlpresult":{"classification":"SystemMetaData","purpose":"FeatureInsight","endPoint":"none","isMeasurement":true},"counts.nlpresult":{"classification":"SystemMetaData","purpose":"FeatureInsight","endPoint":"none","isMeasurement":true},"durations.filterresult":{"classification":"SystemMetaData","purpose":"FeatureInsight","endPoint":"none","isMeasurement":true},"counts.filterresult":{"classification":"SystemMetaData","purpose":"FeatureInsight","endPoint":"none","isMeasurement":true},"requestcount":{"classification":"SystemMetaData","purpose":"FeatureInsight","endPoint":"none","isMeasurement":true}},"defaultSettings.searchError":{"message":{"classification":"CallstackOrException","purpose":"FeatureInsight","endPoint":"none"}},"defaultSettingsActions.copySetting":{"userconfigurationkeys":{"classification":"SystemMetaData","purpose":"FeatureInsight","endPoint":"none"},"query":{"classification":"CustomerContent","purpose":"FeatureInsight","endPoint":"none"},"nlpindex":{"classification":"SystemMetaData","purpose":"FeatureInsight","endPoint":"none","isMeasurement":true},"groupid":{"classification":"SystemMetaData","purpose":"FeatureInsight","endPoint":"none"},"displayidx":{"classification":"SystemMetaData","purpose":"FeatureInsight","endPoint":"none","isMeasurement":true},"editableside":{"classification":"SystemMetaData","purpose":"FeatureInsight","endPoint":"none","isMeasurement":true}},"settingsEditor.settingModified":{"key":{"classification":"SystemMetaData","purpose":"FeatureInsight","endPoint":"none"},"query":{"classification":"CustomerContent","purpose":"FeatureInsight","endPoint":"none"},"groupid":{"classification":"SystemMetaData","purpose":"FeatureInsight","endPoint":"none"},"nlpindex":{"classification":"SystemMetaData","purpose":"FeatureInsight","endPoint":"none","isMeasurement":true},"displayindex":{"classification":"SystemMetaData","purpose":"FeatureInsight","endPoint":"none","isMeasurement":true},"showconfiguredonly":{"classification":"SystemMetaData","purpose":"FeatureInsight","endPoint":"none"},"isreset":{"classification":"SystemMetaData","purpose":"FeatureInsight","endPoint":"none"},"target":{"classification":"SystemMetaData","purpose":"FeatureInsight","endPoint":"none"}},"settingsEditor.filter":{"query":{"classification":"CustomerContent","purpose":"FeatureInsight","endPoint":"none"},"durations.nlpresult":{"classification":"SystemMetaData","purpose":"FeatureInsight","endPoint":"none","isMeasurement":true},"counts.nlpresult":{"classification":"SystemMetaData","purpose":"FeatureInsight","endPoint":"none","isMeasurement":true},"counts.filterresult":{"classification":"SystemMetaData","purpose":"FeatureInsight","endPoint":"none","isMeasurement":true},"requestcount":{"classification":"SystemMetaData","purpose":"FeatureInsight","endPoint":"none","isMeasurement":true}},"settingsEditor.searchError":{"message":{"classification":"CallstackOrException","purpose":"FeatureInsight","endPoint":"none"}},"webview.createWebview":{"extension":{"classification":"SystemMetaData","purpose":"FeatureInsight","endPoint":"none"},"enablefindwidget":{"classification":"SystemMetaData","purpose":"FeatureInsight","endPoint":"none","isMeasurement":true},"webviewelementtype":{"classification":"SystemMetaData","purpose":"FeatureInsight","endPoint":"none","isMeasurement":true},"s":{"classification":"SystemMetaData","purpose":"FeatureInsight","endPoint":"none","isMeasurement":true}},"experimentalPrompts":{"experimentid":{"classification":"SystemMetaData","purpose":"FeatureInsight","endPoint":"none"},"commandtext":{"classification":"SystemMetaData","purpose":"FeatureInsight","endPoint":"none"},"cancelled":{"classification":"SystemMetaData","purpose":"FeatureInsight","endPoint":"none","isMeasurement":true}},"taskService.customize":{"properties":{"classification":"SystemMetaData","purpose":"FeatureInsight","endPoint":"none"}},"taskService":{"trigger":{"classification":"SystemMetaData","purpose":"FeatureInsight","endPoint":"none"},"runner":{"classification":"SystemMetaData","purpose":"FeatureInsight","endPoint":"none"},"taskkind":{"classification":"SystemMetaData","purpose":"FeatureInsight","endPoint":"none"},"command":{"classification":"SystemMetaData","purpose":"FeatureInsight","endPoint":"none"},"success":{"classification":"SystemMetaData","purpose":"FeatureInsight","endPoint":"none","isMeasurement":true},"exitcode":{"classification":"SystemMetaData","purpose":"FeatureInsight","endPoint":"none","isMeasurement":true}},"languagePackSuggestion:popup":{"userreaction":{"classification":"SystemMetaData","purpose":"FeatureInsight","endPoint":"none"},"language":{"classification":"SystemMetaData","purpose":"FeatureInsight","endPoint":"none"}},"problems.selectDiagnostic":{"source":{"classification":"PublicNonPersonalData","purpose":"FeatureInsight","endPoint":"none"},"code":{"classification":"PublicNonPersonalData","purpose":"FeatureInsight","endPoint":"none"}},"problems.selectRelatedInformation":{"source":{"classification":"PublicNonPersonalData","purpose":"FeatureInsight","endPoint":"none"},"code":{"classification":"PublicNonPersonalData","purpose":"FeatureInsight","endPoint":"none"}},"problems.expandRelatedInformation":{"source":{"classification":"PublicNonPersonalData","purpose":"FeatureInsight","endPoint":"none"},"code":{"classification":"PublicNonPersonalData","purpose":"FeatureInsight","endPoint":"none"}},"problems.filter":{"errors":{"classification":"SystemMetaData","purpose":"FeatureInsight","endPoint":"none","isMeasurement":true},"warnings":{"classification":"SystemMetaData","purpose":"FeatureInsight","endPoint":"none","isMeasurement":true},"infos":{"classification":"SystemMetaData","purpose":"FeatureInsight","endPoint":"none","isMeasurement":true},"activefile":{"classification":"SystemMetaData","purpose":"FeatureInsight","endPoint":"none","isMeasurement":true},"excludedfiles":{"classification":"SystemMetaData","purpose":"FeatureInsight","endPoint":"none","isMeasurement":true}},"installExtension":{"from":{"classification":"SystemMetaData","purpose":"FeatureInsight","endPoint":"none"},"extensionid":{"classification":"SystemMetaData","purpose":"FeatureInsight","endPoint":"none"}},"installedExtension":{"from":{"classification":"SystemMetaData","purpose":"FeatureInsight","endPoint":"none"},"extensionid":{"classification":"SystemMetaData","purpose":"FeatureInsight","endPoint":"none"},"outcome":{"classification":"SystemMetaData","purpose":"FeatureInsight","endPoint":"none"}},"detailsExtension":{"from":{"classification":"SystemMetaData","purpose":"FeatureInsight","endPoint":"none"},"extensionid":{"classification":"SystemMetaData","purpose":"FeatureInsight","endPoint":"none"}},"installKeymap":{"from":{"classification":"SystemMetaData","purpose":"FeatureInsight","endPoint":"none"},"extensionid":{"classification":"SystemMetaData","purpose":"FeatureInsight","endPoint":"none"}},"installedKeymap":{"from":{"classification":"SystemMetaData","purpose":"FeatureInsight","endPoint":"none"},"extensionid":{"classification":"SystemMetaData","purpose":"FeatureInsight","endPoint":"none"},"outcome":{"classification":"SystemMetaData","purpose":"FeatureInsight","endPoint":"none"}},"detailsKeymap":{"from":{"classification":"SystemMetaData","purpose":"FeatureInsight","endPoint":"none"},"extensionid":{"classification":"SystemMetaData","purpose":"FeatureInsight","endPoint":"none"}},"replaceAll.started":{"duration":{"classification":"SystemMetaData","purpose":"PerformanceAndHealth","endPoint":"none","isMeasurement":true}},"searchResultsFirstRender":{"duration":{"classification":"SystemMetaData","purpose":"PerformanceAndHealth","endPoint":"none","isMeasurement":true}},"searchResultsFinished":{"duration":{"classification":"SystemMetaData","purpose":"PerformanceAndHealth","endPoint":"none","isMeasurement":true}},"searchResultsShown":{"count":{"classification":"SystemMetaData","purpose":"FeatureInsight","endPoint":"none","isMeasurement":true},"filecount":{"classification":"SystemMetaData","purpose":"FeatureInsight","endPoint":"none","isMeasurement":true},"duration":{"classification":"SystemMetaData","purpose":"PerformanceAndHealth","endPoint":"none","isMeasurement":true},"type":{"classification":"SystemMetaData","purpose":"PerformanceAndHealth","endPoint":"none"},"scheme":{"classification":"SystemMetaData","purpose":"PerformanceAndHealth","endPoint":"none"},"searchontypeenabled":{"classification":"SystemMetaData","purpose":"FeatureInsight","endPoint":"none"},"options.pattern":{"classification":"CustomerContent","purpose":"FeatureInsight","endPoint":"none"},"options.isregexp":{"classification":"SystemMetaData","purpose":"FeatureInsight","endPoint":"none","isMeasurement":true},"options.iswordmatch":{"classification":"SystemMetaData","purpose":"FeatureInsight","endPoint":"none","isMeasurement":true},"options.wordseparators":{"classification":"SystemMetaData","purpose":"FeatureInsight","endPoint":"none"},"options.ismultiline":{"classification":"SystemMetaData","purpose":"FeatureInsight","endPoint":"none","isMeasurement":true},"options.iscasesensitive":{"classification":"SystemMetaData","purpose":"FeatureInsight","endPoint":"none","isMeasurement":true},"options.issmartcase":{"classification":"SystemMetaData","purpose":"FeatureInsight","endPoint":"none","isMeasurement":true}},"terminalLatencyStats":{"min":{"classification":"SystemMetaData","purpose":"PerformanceAndHealth","endPoint":"none","isMeasurement":true},"max":{"classification":"SystemMetaData","purpose":"PerformanceAndHealth","endPoint":"none","isMeasurement":true},"median":{"classification":"SystemMetaData","purpose":"PerformanceAndHealth","endPoint":"none","isMeasurement":true},"count":{"classification":"SystemMetaData","purpose":"PerformanceAndHealth","endPoint":"none","isMeasurement":true},"predictionaccuracy":{"classification":"SystemMetaData","purpose":"PerformanceAndHealth","endPoint":"none","isMeasurement":true}},"terminalReconnection":{"count":{"classification":"SystemMetaData","purpose":"FeatureInsight","endPoint":"none","isMeasurement":true}},"terminalLaunchRecommendation:popup":{"userreaction":{"classification":"SystemMetaData","purpose":"FeatureInsight","endPoint":"none"},"extensionid":{"classification":"PublicNonPersonalData","purpose":"FeatureInsight","endPoint":"none"}},"editorOpened":{"target":{"classification":"SystemMetaData","purpose":"FeatureInsight","endPoint":"none"},"typeid":{"classification":"SystemMetaData","purpose":"FeatureInsight","endPoint":"none"},"resource.mimetype":{"classification":"SystemMetaData","purpose":"FeatureInsight","endPoint":"none"},"resource.scheme":{"classification":"SystemMetaData","purpose":"FeatureInsight","endPoint":"none"},"resource.ext":{"classification":"SystemMetaData","purpose":"FeatureInsight","endPoint":"none"},"resource.path":{"classification":"SystemMetaData","purpose":"FeatureInsight","endPoint":"none"}},"editorClosed":{"target":{"classification":"SystemMetaData","purpose":"FeatureInsight","endPoint":"none"},"typeid":{"classification":"SystemMetaData","purpose":"FeatureInsight","endPoint":"none"},"resource.mimetype":{"classification":"SystemMetaData","purpose":"FeatureInsight","endPoint":"none"},"resource.scheme":{"classification":"SystemMetaData","purpose":"FeatureInsight","endPoint":"none"},"resource.ext":{"classification":"SystemMetaData","purpose":"FeatureInsight","endPoint":"none"},"resource.path":{"classification":"SystemMetaData","purpose":"FeatureInsight","endPoint":"none"}},"remoteExtensionRecommendations:popup":{"userreaction":{"classification":"SystemMetaData","purpose":"FeatureInsight","endPoint":"none"},"extensionid":{"classification":"PublicNonPersonalData","purpose":"FeatureInsight","endPoint":"none"}},"query-expfeature":{"abexp.queriedfeature":{"classification":"SystemMetaData","purpose":"FeatureInsight","endPoint":"none"}},"keyboardLayout":{"currentkeyboardlayout.name":{"classification":"SystemMetaData","purpose":"FeatureInsight","endPoint":"none"},"currentkeyboardlayout.id":{"classification":"SystemMetaData","purpose":"FeatureInsight","endPoint":"none"},"currentkeyboardlayout.text":{"classification":"SystemMetaData","purpose":"FeatureInsight","endPoint":"none"},"currentkeyboardlayout.model":{"classification":"SystemMetaData","purpose":"FeatureInsight","endPoint":"none"},"currentkeyboardlayout.layout":{"classification":"SystemMetaData","purpose":"FeatureInsight","endPoint":"none"},"currentkeyboardlayout.variant":{"classification":"SystemMetaData","purpose":"FeatureInsight","endPoint":"none"},"currentkeyboardlayout.options":{"classification":"SystemMetaData","purpose":"FeatureInsight","endPoint":"none"},"currentkeyboardlayout.rules":{"classification":"SystemMetaData","purpose":"FeatureInsight","endPoint":"none"},"currentkeyboardlayout.lang":{"classification":"SystemMetaData","purpose":"FeatureInsight","endPoint":"none"},"currentkeyboardlayout.localizedname":{"classification":"SystemMetaData","purpose":"FeatureInsight","endPoint":"none"}},"startupTimeVaried":{"version":{"classification":"SystemMetaData","purpose":"PerformanceAndHealth","endPoint":"none"},"ellapsed":{"classification":"SystemMetaData","purpose":"PerformanceAndHealth","endPoint":"none","isMeasurement":true},"islatestversion":{"classification":"SystemMetaData","purpose":"PerformanceAndHealth","endPoint":"none"},"didusecacheddata":{"classification":"SystemMetaData","purpose":"PerformanceAndHealth","endPoint":"none"},"windowkind":{"classification":"SystemMetaData","purpose":"PerformanceAndHealth","endPoint":"none"},"windowcount":{"classification":"SystemMetaData","purpose":"PerformanceAndHealth","endPoint":"none"},"viewletid":{"classification":"SystemMetaData","purpose":"PerformanceAndHealth","endPoint":"none"},"panelid":{"classification":"SystemMetaData","purpose":"PerformanceAndHealth","endPoint":"none"},"editorids":{"classification":"SystemMetaData","purpose":"PerformanceAndHealth","endPoint":"none"},"timers.ellapsedappready":{"classification":"SystemMetaData","purpose":"PerformanceAndHealth","endPoint":"none","isMeasurement":true},"timers.ellapsedwindowload":{"classification":"SystemMetaData","purpose":"PerformanceAndHealth","endPoint":"none","isMeasurement":true},"timers.ellapsedwindowloadtorequire":{"classification":"SystemMetaData","purpose":"PerformanceAndHealth","endPoint":"none","isMeasurement":true},"timers.ellapsedextensions":{"classification":"SystemMetaData","purpose":"PerformanceAndHealth","endPoint":"none","isMeasurement":true},"timers.ellapsedextensionsready":{"classification":"SystemMetaData","purpose":"PerformanceAndHealth","endPoint":"none","isMeasurement":true},"timers.ellapsedrequire":{"classification":"SystemMetaData","purpose":"PerformanceAndHealth","endPoint":"none","isMeasurement":true},"timers.ellapsedworkspacestorageinit":{"classification":"SystemMetaData","purpose":"PerformanceAndHealth","endPoint":"none","isMeasurement":true},"timers.ellapsedworkspaceserviceinit":{"classification":"SystemMetaData","purpose":"PerformanceAndHealth","endPoint":"none","isMeasurement":true},"timers.ellapsedrequireduserdatainit":{"classification":"SystemMetaData","purpose":"PerformanceAndHealth","endPoint":"none","isMeasurement":true},"timers.ellapsedotheruserdatainit":{"classification":"SystemMetaData","purpose":"PerformanceAndHealth","endPoint":"none","isMeasurement":true},"timers.ellapsedviewletrestore":{"classification":"SystemMetaData","purpose":"PerformanceAndHealth","endPoint":"none","isMeasurement":true},"timers.ellapsedpanelrestore":{"classification":"SystemMetaData","purpose":"PerformanceAndHealth","endPoint":"none","isMeasurement":true},"timers.ellapsededitorrestore":{"classification":"SystemMetaData","purpose":"PerformanceAndHealth","endPoint":"none","isMeasurement":true},"timers.ellapsedworkbench":{"classification":"SystemMetaData","purpose":"PerformanceAndHealth","endPoint":"none","isMeasurement":true},"timers.ellapsednlsgeneration":{"classification":"SystemMetaData","purpose":"PerformanceAndHealth","endPoint":"none","isMeasurement":true},"timers.ellapsedwaitforshellenv":{"classification":"SystemMetaData","purpose":"PerformanceAndHealth","endPoint":"none","isMeasurement":true},"platform":{"classification":"SystemMetaData","purpose":"PerformanceAndHealth","endPoint":"none"},"release":{"classification":"SystemMetaData","purpose":"PerformanceAndHealth","endPoint":"none"},"arch":{"classification":"SystemMetaData","purpose":"PerformanceAndHealth","endPoint":"none"},"totalmem":{"classification":"SystemMetaData","purpose":"PerformanceAndHealth","endPoint":"none","isMeasurement":true},"freemem":{"classification":"SystemMetaData","purpose":"PerformanceAndHealth","endPoint":"none","isMeasurement":true},"cpus.count":{"classification":"SystemMetaData","purpose":"PerformanceAndHealth","endPoint":"none","isMeasurement":true},"cpus.speed":{"classification":"SystemMetaData","purpose":"PerformanceAndHealth","endPoint":"none","isMeasurement":true},"cpus.model":{"classification":"SystemMetaData","purpose":"PerformanceAndHealth","endPoint":"none"},"initialstartup":{"classification":"SystemMetaData","purpose":"PerformanceAndHealth","endPoint":"none","isMeasurement":true},"hasaccessibilitysupport":{"classification":"SystemMetaData","purpose":"PerformanceAndHealth","endPoint":"none","isMeasurement":true},"isvmlikelyhood":{"classification":"SystemMetaData","purpose":"PerformanceAndHealth","endPoint":"none","isMeasurement":true},"emptyworkbench":{"classification":"SystemMetaData","purpose":"PerformanceAndHealth","endPoint":"none","isMeasurement":true},"loadavg":{"classification":"SystemMetaData","purpose":"PerformanceAndHealth","endPoint":"none"},"meminfo.workingsetsize":{"classification":"SystemMetaData","purpose":"PerformanceAndHealth","endPoint":"none","isMeasurement":true},"meminfo.privatebytes":{"classification":"SystemMetaData","purpose":"PerformanceAndHealth","endPoint":"none","isMeasurement":true},"meminfo.sharedbytes":{"classification":"SystemMetaData","purpose":"PerformanceAndHealth","endPoint":"none","isMeasurement":true}},"webviews:createWebviewPanel":{"extensionid":{"classification":"SystemMetaData","purpose":"FeatureInsight","endPoint":"none"}},"extensionGallery:install":{"success":{"classification":"SystemMetaData","purpose":"PerformanceAndHealth","endPoint":"none","isMeasurement":true},"duration":{"classification":"SystemMetaData","purpose":"PerformanceAndHealth","endPoint":"none","isMeasurement":true},"errorcode":{"classification":"CallstackOrException","purpose":"PerformanceAndHealth","endPoint":"none"},"recommendationreason":{"classification":"SystemMetaData","purpose":"FeatureInsight","endPoint":"none","isMeasurement":true},"id":{"classification":"SystemMetaData","purpose":"FeatureInsight","endPoint":"none"},"name":{"classification":"SystemMetaData","purpose":"FeatureInsight","endPoint":"none"},"galleryid":{"classification":"SystemMetaData","purpose":"FeatureInsight","endPoint":"none"},"publisherid":{"classification":"SystemMetaData","purpose":"FeatureInsight","endPoint":"none"},"publishername":{"classification":"SystemMetaData","purpose":"FeatureInsight","endPoint":"none"},"publisherdisplayname":{"classification":"SystemMetaData","purpose":"FeatureInsight","endPoint":"none"},"dependencies":{"classification":"SystemMetaData","purpose":"FeatureInsight","endPoint":"none","isMeasurement":true},"index":{"classification":"SystemMetaData","purpose":"FeatureInsight","endPoint":"none","isMeasurement":true},"searchtext":{"classification":"CustomerContent","purpose":"FeatureInsight","endPoint":"none"},"querysource":{"classification":"SystemMetaData","purpose":"FeatureInsight","endPoint":"none"}},"extensionGallery:uninstall":{"success":{"classification":"SystemMetaData","purpose":"PerformanceAndHealth","endPoint":"none","isMeasurement":true},"duration":{"classification":"SystemMetaData","purpose":"PerformanceAndHealth","endPoint":"none","isMeasurement":true},"errorcode":{"classification":"CallstackOrException","purpose":"PerformanceAndHealth","endPoint":"none"},"id":{"classification":"SystemMetaData","purpose":"FeatureInsight","endPoint":"none"},"name":{"classification":"SystemMetaData","purpose":"FeatureInsight","endPoint":"none"},"galleryid":{"classification":"SystemMetaData","purpose":"FeatureInsight","endPoint":"none"},"publisherid":{"classification":"SystemMetaData","purpose":"FeatureInsight","endPoint":"none"},"publishername":{"classification":"SystemMetaData","purpose":"FeatureInsight","endPoint":"none"},"publisherdisplayname":{"classification":"SystemMetaData","purpose":"FeatureInsight","endPoint":"none"},"dependencies":{"classification":"SystemMetaData","purpose":"FeatureInsight","endPoint":"none","isMeasurement":true},"index":{"classification":"SystemMetaData","purpose":"FeatureInsight","endPoint":"none","isMeasurement":true},"searchtext":{"classification":"CustomerContent","purpose":"FeatureInsight","endPoint":"none"},"querysource":{"classification":"SystemMetaData","purpose":"FeatureInsight","endPoint":"none"}},"extensionGallery:update":{"success":{"classification":"SystemMetaData","purpose":"PerformanceAndHealth","endPoint":"none","isMeasurement":true},"duration":{"classification":"SystemMetaData","purpose":"PerformanceAndHealth","endPoint":"none","isMeasurement":true},"errorcode":{"classification":"CallstackOrException","purpose":"PerformanceAndHealth","endPoint":"none"},"id":{"classification":"SystemMetaData","purpose":"FeatureInsight","endPoint":"none"},"name":{"classification":"SystemMetaData","purpose":"FeatureInsight","endPoint":"none"},"galleryid":{"classification":"SystemMetaData","purpose":"FeatureInsight","endPoint":"none"},"publisherid":{"classification":"SystemMetaData","purpose":"FeatureInsight","endPoint":"none"},"publishername":{"classification":"SystemMetaData","purpose":"FeatureInsight","endPoint":"none"},"publisherdisplayname":{"classification":"SystemMetaData","purpose":"FeatureInsight","endPoint":"none"},"dependencies":{"classification":"SystemMetaData","purpose":"FeatureInsight","endPoint":"none","isMeasurement":true},"index":{"classification":"SystemMetaData","purpose":"FeatureInsight","endPoint":"none","isMeasurement":true},"searchtext":{"classification":"CustomerContent","purpose":"FeatureInsight","endPoint":"none"},"querysource":{"classification":"SystemMetaData","purpose":"FeatureInsight","endPoint":"none"}},"galleryService:downloadVSIX":{"duration":{"classification":"SystemMetaData","purpose":"PerformanceAndHealth","endPoint":"none","isMeasurement":true},"id":{"classification":"SystemMetaData","purpose":"FeatureInsight","endPoint":"none"},"name":{"classification":"SystemMetaData","purpose":"FeatureInsight","endPoint":"none"},"galleryid":{"classification":"SystemMetaData","purpose":"FeatureInsight","endPoint":"none"},"publisherid":{"classification":"SystemMetaData","purpose":"FeatureInsight","endPoint":"none"},"publishername":{"classification":"SystemMetaData","purpose":"FeatureInsight","endPoint":"none"},"publisherdisplayname":{"classification":"SystemMetaData","purpose":"FeatureInsight","endPoint":"none"},"dependencies":{"classification":"SystemMetaData","purpose":"FeatureInsight","endPoint":"none","isMeasurement":true},"index":{"classification":"SystemMetaData","purpose":"FeatureInsight","endPoint":"none","isMeasurement":true},"searchtext":{"classification":"CustomerContent","purpose":"FeatureInsight","endPoint":"none"},"querysource":{"classification":"SystemMetaData","purpose":"FeatureInsight","endPoint":"none"}},"update:win32SetupTarget":{"target":{"classification":"SystemMetaData","purpose":"FeatureInsight","endPoint":"none"}},"update:win<NUMBER>SetupTarget":{"target":{"classification":"SystemMetaData","purpose":"FeatureInsight","endPoint":"none"}},"workbenchActionExecuted":{"id":{"classification":"SystemMetaData","purpose":"FeatureInsight","endPoint":"none"},"from":{"classification":"SystemMetaData","purpose":"FeatureInsight","endPoint":"none"}},"experiments:optout":{"optout":{"classification":"SystemMetaData","purpose":"FeatureInsight","isMeasurement":true,"endPoint":"none"}},"walkThroughSnippetInteraction":{"from":{"classification":"SystemMetaData","purpose":"FeatureInsight","endPoint":"none"},"type":{"classification":"SystemMetaData","purpose":"FeatureInsight","endPoint":"none"},"snippet":{"classification":"SystemMetaData","purpose":"FeatureInsight","isMeasurement":true,"endPoint":"none"}},"gettingStarted.ActionExecuted":{"command":{"classification":"PublicNonPersonalData","purpose":"FeatureInsight","endPoint":"none"},"argument":{"classification":"PublicNonPersonalData","purpose":"FeatureInsight","endPoint":"none"}},"views.toggleVisibility":{"viewid":{"classification":"SystemMetaData","purpose":"FeatureInsight","endPoint":"none"},"visible":{"classification":"SystemMetaData","purpose":"FeatureInsight","endPoint":"none"}},"views.welcomeAction":{"viewid":{"classification":"SystemMetaData","purpose":"FeatureInsight","endPoint":"none"},"uri":{"classification":"SystemMetaData","purpose":"FeatureInsight","endPoint":"none"}},"breadcrumbs/open":{"type":{"classification":"SystemMetaData","purpose":"FeatureInsight","endPoint":"none"}},"breadcrumbs/select":{"type":{"classification":"SystemMetaData","purpose":"FeatureInsight","endPoint":"none"}},"activityBarAction":{"viewletid":{"classification":"SystemMetaData","purpose":"FeatureInsight","endPoint":"none"},"action":{"classification":"SystemMetaData","purpose":"FeatureInsight","endPoint":"none"}},"cachedSearchComplete":{"reason":{"classification":"SystemMetaData","purpose":"PerformanceAndHealth","endPoint":"none"},"resultcount":{"classification":"SystemMetaData","purpose":"PerformanceAndHealth","isMeasurement":true,"endPoint":"none"},"workspacefoldercount":{"classification":"SystemMetaData","purpose":"PerformanceAndHealth","isMeasurement":true,"endPoint":"none"},"type":{"classification":"SystemMetaData","purpose":"PerformanceAndHealth","endPoint":"none"},"endtoendtime":{"classification":"SystemMetaData","purpose":"PerformanceAndHealth","isMeasurement":true,"endPoint":"none"},"sortingtime":{"classification":"SystemMetaData","purpose":"PerformanceAndHealth","isMeasurement":true,"endPoint":"none"},"cachewasresolved":{"classification":"SystemMetaData","purpose":"PerformanceAndHealth","endPoint":"none"},"cachelookuptime":{"classification":"SystemMetaData","purpose":"PerformanceAndHealth","isMeasurement":true,"endPoint":"none"},"cachefiltertime":{"classification":"SystemMetaData","purpose":"PerformanceAndHealth","isMeasurement":true,"endPoint":"none"},"cacheentrycount":{"classification":"SystemMetaData","purpose":"PerformanceAndHealth","isMeasurement":true,"endPoint":"none"},"scheme":{"classification":"SystemMetaData","purpose":"PerformanceAndHealth","endPoint":"none"}},"searchComplete":{"reason":{"classification":"SystemMetaData","purpose":"PerformanceAndHealth","endPoint":"none"},"resultcount":{"classification":"SystemMetaData","purpose":"PerformanceAndHealth","isMeasurement":true,"endPoint":"none"},"workspacefoldercount":{"classification":"SystemMetaData","purpose":"PerformanceAndHealth","isMeasurement":true,"endPoint":"none"},"type":{"classification":"SystemMetaData","purpose":"PerformanceAndHealth","endPoint":"none"},"endtoendtime":{"classification":"SystemMetaData","purpose":"PerformanceAndHealth","isMeasurement":true,"endPoint":"none"},"sortingtime":{"classification":"SystemMetaData","purpose":"PerformanceAndHealth","isMeasurement":true,"endPoint":"none"},"filewalktime":{"classification":"SystemMetaData","purpose":"PerformanceAndHealth","isMeasurement":true,"endPoint":"none"},"directorieswalked":{"classification":"SystemMetaData","purpose":"PerformanceAndHealth","isMeasurement":true,"endPoint":"none"},"fileswalked":{"classification":"SystemMetaData","purpose":"PerformanceAndHealth","isMeasurement":true,"endPoint":"none"},"cmdtime":{"classification":"SystemMetaData","purpose":"PerformanceAndHealth","isMeasurement":true,"endPoint":"none"},"cmdresultcount":{"classification":"SystemMetaData","purpose":"PerformanceAndHealth","isMeasurement":true,"endPoint":"none"},"scheme":{"classification":"SystemMetaData","purpose":"PerformanceAndHealth","endPoint":"none"}},"textSearchComplete":{"reason":{"classification":"SystemMetaData","purpose":"PerformanceAndHealth","endPoint":"none"},"workspacefoldercount":{"classification":"SystemMetaData","purpose":"PerformanceAndHealth","isMeasurement":true,"endPoint":"none"},"endtoendtime":{"classification":"SystemMetaData","purpose":"PerformanceAndHealth","isMeasurement":true,"endPoint":"none"},"scheme":{"classification":"SystemMetaData","purpose":"PerformanceAndHealth","endPoint":"none"},"error":{"classification":"SystemMetaData","purpose":"PerformanceAndHealth","endPoint":"none"},"usepcre2":{"classification":"SystemMetaData","purpose":"PerformanceAndHealth","endPoint":"none"}},"activatePlugin":{"id":{"classification":"PublicNonPersonalData","purpose":"FeatureInsight","endPoint":"none"},"name":{"classification":"PublicNonPersonalData","purpose":"FeatureInsight","endPoint":"none"},"isbuiltin":{"classification":"SystemMetaData","purpose":"FeatureInsight","isMeasurement":true,"endPoint":"none"},"publisherdisplayname":{"classification":"SystemMetaData","purpose":"FeatureInsight","endPoint":"none"},"themeid":{"classification":"PublicNonPersonalData","purpose":"FeatureInsight","endPoint":"none"},"extensionversion":{"classification":"PublicNonPersonalData","purpose":"FeatureInsight","endPoint":"none"},"activationevents":{"classification":"SystemMetaData","purpose":"FeatureInsight","endPoint":"none"},"reason":{"classification":"SystemMetaData","purpose":"FeatureInsight","endPoint":"none"},"reasonid":{"classification":"PublicNonPersonalData","purpose":"FeatureInsight","endPoint":"none"}},"trustedDomains.dialogAction":{"action":{"classification":"SystemMetaData","purpose":"FeatureInsight","endPoint":"none"}},"trustedDomains.configureTrustedDomainsQuickPickChoice":{"choice":{"classification":"SystemMetaData","purpose":"FeatureInsight","endPoint":"none"}},"sync/firstTimeSync":{"action":{"classification":"SystemMetaData","purpose":"FeatureInsight","isMeasurement":true,"endPoint":"none"}},"sync.userAccount":{"id":{"classification":"EndUserPseudonymizedInformation","purpose":"BusinessInsight","endPoint":"none"}},"sync/successiveAuthFailures":{},"workspaceLoad":{"useragent":{"classification":"SystemMetaData","purpose":"FeatureInsight","endPoint":"none"},"emptyworkbench":{"classification":"SystemMetaData","purpose":"FeatureInsight","isMeasurement":true,"endPoint":"none"},"windowsize.innerheight":{"classification":"SystemMetaData","purpose":"FeatureInsight","isMeasurement":true,"endPoint":"none"},"windowsize.innerwidth":{"classification":"SystemMetaData","purpose":"FeatureInsight","isMeasurement":true,"endPoint":"none"},"windowsize.outerheight":{"classification":"SystemMetaData","purpose":"FeatureInsight","isMeasurement":true,"endPoint":"none"},"windowsize.outerwidth":{"classification":"SystemMetaData","purpose":"FeatureInsight","isMeasurement":true,"endPoint":"none"},"workbench.filestoopenorcreate":{"classification":"SystemMetaData","purpose":"FeatureInsight","isMeasurement":true,"endPoint":"none"},"workbench.filestodiff":{"classification":"SystemMetaData","purpose":"FeatureInsight","isMeasurement":true,"endPoint":"none"},"customkeybindingscount":{"classification":"SystemMetaData","purpose":"FeatureInsight","isMeasurement":true,"endPoint":"none"},"theme":{"classification":"SystemMetaData","purpose":"FeatureInsight","endPoint":"none"},"language":{"classification":"SystemMetaData","purpose":"BusinessInsight","endPoint":"none"},"pinnedviewlets":{"classification":"SystemMetaData","purpose":"FeatureInsight","endPoint":"none"},"restoredviewlet":{"classification":"SystemMetaData","purpose":"FeatureInsight","endPoint":"none"},"restorededitors":{"classification":"SystemMetaData","purpose":"FeatureInsight","isMeasurement":true,"endPoint":"none"},"startupkind":{"classification":"SystemMetaData","purpose":"FeatureInsight","isMeasurement":true,"endPoint":"none"}},"settingsRead":{"settingstype":{"classification":"SystemMetaData","purpose":"FeatureInsight","endPoint":"none"}},"fileGet":{"mimetype":{"classification":"SystemMetaData","purpose":"FeatureInsight","endPoint":"none"},"ext":{"classification":"SystemMetaData","purpose":"FeatureInsight","endPoint":"none"},"path":{"classification":"SystemMetaData","purpose":"FeatureInsight","endPoint":"none"},"reason":{"classification":"SystemMetaData","purpose":"FeatureInsight","isMeasurement":true,"endPoint":"none"},"allowlistedjson":{"classification":"SystemMetaData","purpose":"FeatureInsight","endPoint":"none"}},"settingsWritten":{"settingstype":{"classification":"SystemMetaData","purpose":"FeatureInsight","endPoint":"none"}},"filePUT":{"mimetype":{"classification":"SystemMetaData","purpose":"FeatureInsight","endPoint":"none"},"ext":{"classification":"SystemMetaData","purpose":"FeatureInsight","endPoint":"none"},"path":{"classification":"SystemMetaData","purpose":"FeatureInsight","endPoint":"none"},"reason":{"classification":"SystemMetaData","purpose":"FeatureInsight","isMeasurement":true,"endPoint":"none"},"allowlistedjson":{"classification":"SystemMetaData","purpose":"FeatureInsight","endPoint":"none"}},"remoteConnectionFailure":{"web":{"classification":"SystemMetaData","purpose":"PerformanceAndHealth","endPoint":"none"},"remotename":{"classification":"SystemMetaData","purpose":"PerformanceAndHealth","endPoint":"none"},"message":{"classification":"SystemMetaData","purpose":"PerformanceAndHealth","endPoint":"none"}},"sync/acceptChanges":{"source":{"classification":"SystemMetaData","purpose":"FeatureInsight","isMeasurement":true,"endPoint":"none"},"action":{"classification":"SystemMetaData","purpose":"FeatureInsight","isMeasurement":true,"endPoint":"none"}},"sync/handleConflicts":{"source":{"classification":"SystemMetaData","purpose":"FeatureInsight","isMeasurement":true,"endPoint":"none"},"action":{"classification":"SystemMetaData","purpose":"FeatureInsight","isMeasurement":true,"endPoint":"none"}},"sync/showConflicts":{"source":{"classification":"SystemMetaData","purpose":"FeatureInsight","isMeasurement":true,"endPoint":"none"},"action":{"classification":"SystemMetaData","purpose":"FeatureInsight","isMeasurement":true,"endPoint":"none"}},"remoteReconnectionReload":{"remotename":{"classification":"SystemMetaData","purpose":"PerformanceAndHealth","endPoint":"none"},"reconnectiontoken":{"classification":"SystemMetaData","purpose":"PerformanceAndHealth","endPoint":"none"},"millissincelastincomingdata":{"classification":"SystemMetaData","purpose":"PerformanceAndHealth","endPoint":"none"},"attempt":{"classification":"SystemMetaData","purpose":"PerformanceAndHealth","endPoint":"none"}},"remoteConnectionLost":{"remotename":{"classification":"SystemMetaData","purpose":"PerformanceAndHealth","endPoint":"none"},"reconnectiontoken":{"classification":"SystemMetaData","purpose":"PerformanceAndHealth","endPoint":"none"}},"remoteReconnectionRunning":{"remotename":{"classification":"SystemMetaData","purpose":"PerformanceAndHealth","endPoint":"none"},"reconnectiontoken":{"classification":"SystemMetaData","purpose":"PerformanceAndHealth","endPoint":"none"},"millissincelastincomingdata":{"classification":"SystemMetaData","purpose":"PerformanceAndHealth","endPoint":"none"},"attempt":{"classification":"SystemMetaData","purpose":"PerformanceAndHealth","endPoint":"none"}},"remoteReconnectionPermanentFailure":{"remotename":{"classification":"SystemMetaData","purpose":"PerformanceAndHealth","endPoint":"none"},"reconnectiontoken":{"classification":"SystemMetaData","purpose":"PerformanceAndHealth","endPoint":"none"},"millissincelastincomingdata":{"classification":"SystemMetaData","purpose":"PerformanceAndHealth","endPoint":"none"},"attempt":{"classification":"SystemMetaData","purpose":"PerformanceAndHealth","endPoint":"none"},"handled":{"classification":"SystemMetaData","purpose":"PerformanceAndHealth","endPoint":"none"}},"remoteConnectionGain":{"remotename":{"classification":"SystemMetaData","purpose":"PerformanceAndHealth","endPoint":"none"},"reconnectiontoken":{"classification":"SystemMetaData","purpose":"PerformanceAndHealth","endPoint":"none"},"millissincelastincomingdata":{"classification":"SystemMetaData","purpose":"PerformanceAndHealth","endPoint":"none"},"attempt":{"classification":"SystemMetaData","purpose":"PerformanceAndHealth","endPoint":"none"}},"notebook/editorOpened":{"scheme":{"classification":"SystemMetaData","purpose":"FeatureInsight","endPoint":"none"},"ext":{"classification":"SystemMetaData","purpose":"FeatureInsight","endPoint":"none"},"viewtype":{"classification":"SystemMetaData","purpose":"FeatureInsight","endPoint":"none"}},"problemMatcherDisabled":{"type":{"classification":"SystemMetaData","purpose":"FeatureInsight","endPoint":"none"}},"taskService.template":{"templateid":{"classification":"SystemMetaData","purpose":"FeatureInsight","endPoint":"none"},"autodetect":{"classification":"SystemMetaData","purpose":"FeatureInsight","isMeasurement":true,"endPoint":"none"}},"output.channel.creation.error":{},"startup.timer.mark":{"source":{"classification":"SystemMetaData","purpose":"PerformanceAndHealth","endPoint":"none"},"name":{"classification":"SystemMetaData","purpose":"PerformanceAndHealth","endPoint":"none"},"relativestarttime":{"classification":"SystemMetaData","purpose":"PerformanceAndHealth","isMeasurement":true,"endPoint":"none"},"starttime":{"classification":"SystemMetaData","purpose":"PerformanceAndHealth","isMeasurement":true,"endPoint":"none"}},"searchEditor/saveSearchResults":{},"searchEditor/openNewSearchEditor":{},"searchEditor/createEditorFromSearchResult":{},"searchEditor/openSavedSearchEditor":{},"webviewMissingCsp":{"extension":{"classification":"SystemMetaData","purpose":"FeatureInsight","endPoint":"none"}},"experiments":{"experiments":{"classification":"SystemMetaData","purpose":"FeatureInsight","endPoint":"none"}},"fileExtensionSuggestion:popup":{"userreaction":{"classification":"SystemMetaData","purpose":"FeatureInsight","endPoint":"none"},"fileextension":{"classification":"PublicNonPersonalData","purpose":"FeatureInsight","endPoint":"none"}},"extensionWorkspaceRecommendations:open":{"count":{"classification":"SystemMetaData","purpose":"FeatureInsight","isMeasurement":true,"endPoint":"none"}},"extensionsRecommendations:ignoreRecommendation":{"recommendationreason":{"classification":"SystemMetaData","purpose":"FeatureInsight","isMeasurement":true,"endPoint":"none"},"extensionid":{"classification":"PublicNonPersonalData","purpose":"FeatureInsight","endPoint":"none"}},"extensionRecommendations:popup":{"userreaction":{"classification":"SystemMetaData","purpose":"FeatureInsight","endPoint":"none"},"extensionid":{"classification":"PublicNonPersonalData","purpose":"FeatureInsight","endPoint":"none"},"source":{"classification":"SystemMetaData","purpose":"FeatureInsight","endPoint":"none"}},"extensionWorkspaceRecommendations:popup":{"userreaction":{"classification":"SystemMetaData","purpose":"FeatureInsight","endPoint":"none"}},"dynamicWorkspaceRecommendations":{"count":{"classification":"SystemMetaData","purpose":"FeatureInsight","isMeasurement":true,"endPoint":"none"},"cache":{"classification":"SystemMetaData","purpose":"FeatureInsight","isMeasurement":true,"endPoint":"none"}},"accessibility":{"enabled":{"classification":"SystemMetaData","purpose":"FeatureInsight","endPoint":"none"}},"windowsEdition":{"edition":{"classification":"SystemMetaData","purpose":"BusinessInsight","endPoint":"none"}},"resolveProxy.stats":{"type":{"classification":"SystemMetaData","purpose":"PerformanceAndHealth","endPoint":"none"}},"openKeybindings":{"textual":{"classification":"SystemMetaData","purpose":"FeatureInsight","isMeasurement":true,"endPoint":"none"}},"resolveProxy":{"count":{"classification":"SystemMetaData","purpose":"PerformanceAndHealth","isMeasurement":true,"endPoint":"none"},"duration":{"classification":"SystemMetaData","purpose":"PerformanceAndHealth","isMeasurement":true,"endPoint":"none"},"errorcount":{"classification":"SystemMetaData","purpose":"PerformanceAndHealth","isMeasurement":true,"endPoint":"none"},"cachecount":{"classification":"SystemMetaData","purpose":"PerformanceAndHealth","isMeasurement":true,"endPoint":"none"},"cachesize":{"classification":"SystemMetaData","purpose":"PerformanceAndHealth","isMeasurement":true,"endPoint":"none"},"cacherolls":{"classification":"SystemMetaData","purpose":"PerformanceAndHealth","isMeasurement":true,"endPoint":"none"},"envcount":{"classification":"SystemMetaData","purpose":"PerformanceAndHealth","isMeasurement":true,"endPoint":"none"},"settingscount":{"classification":"SystemMetaData","purpose":"PerformanceAndHealth","isMeasurement":true,"endPoint":"none"},"localhostcount":{"classification":"SystemMetaData","purpose":"PerformanceAndHealth","isMeasurement":true,"endPoint":"none"},"envnoproxycount":{"classification":"SystemMetaData","purpose":"PerformanceAndHealth","isMeasurement":true,"endPoint":"none"},"results":{"classification":"SystemMetaData","purpose":"PerformanceAndHealth","endPoint":"none"}},"extensionHostCrash":{"code":{"classification":"SystemMetaData","purpose":"PerformanceAndHealth","endPoint":"none"},"signal":{"classification":"SystemMetaData","purpose":"PerformanceAndHealth","endPoint":"none"},"extensionids":{"classification":"SystemMetaData","purpose":"PerformanceAndHealth","endPoint":"none"}},"extensionHostCrashExtension":{"code":{"classification":"SystemMetaData","purpose":"PerformanceAndHealth","endPoint":"none"},"signal":{"classification":"SystemMetaData","purpose":"PerformanceAndHealth","endPoint":"none"},"extensionid":{"classification":"SystemMetaData","purpose":"PerformanceAndHealth","endPoint":"none"}},"extensionsMessage":{"type":{"classification":"SystemMetaData","purpose":"PerformanceAndHealth","isMeasurement":true,"endPoint":"none"},"extensionid":{"classification":"SystemMetaData","purpose":"PerformanceAndHealth","endPoint":"none"},"extensionpointid":{"classification":"SystemMetaData","purpose":"PerformanceAndHealth","endPoint":"none"},"message":{"classification":"SystemMetaData","purpose":"PerformanceAndHealth","endPoint":"none"}},"viewDescriptorService.moveViews":{"viewcount":{"classification":"SystemMetaData","purpose":"FeatureInsight","endPoint":"none"},"fromcontainer":{"classification":"SystemMetaData","purpose":"FeatureInsight","endPoint":"none"},"tocontainer":{"classification":"SystemMetaData","purpose":"FeatureInsight","endPoint":"none"},"fromlocation":{"classification":"SystemMetaData","purpose":"FeatureInsight","endPoint":"none"},"tolocation":{"classification":"SystemMetaData","purpose":"FeatureInsight","endPoint":"none"}},"updateConfiguration":{"configurationsource":{"classification":"SystemMetaData","purpose":"FeatureInsight","endPoint":"none"},"configurationkeys":{"classification":"SystemMetaData","purpose":"FeatureInsight","endPoint":"none"}},"optInStatus":{"optin":{"classification":"SystemMetaData","purpose":"BusinessInsight","isMeasurement":true,"endPoint":"none"}},"machineIdFallback":{"usingfallbackguid":{"classification":"SystemMetaData","purpose":"BusinessInsight","isMeasurement":true,"endPoint":"none"}},"sync/error":{"code":{"classification":"SystemMetaData","purpose":"FeatureInsight","isMeasurement":true,"endPoint":"none"},"service":{"classification":"SystemMetaData","purpose":"FeatureInsight","isMeasurement":true,"endPoint":"none"},"url":{"classification":"SystemMetaData","purpose":"FeatureInsight","isMeasurement":true,"endPoint":"none"},"resource":{"classification":"SystemMetaData","purpose":"FeatureInsight","isMeasurement":true,"endPoint":"none"},"executionid":{"classification":"SystemMetaData","purpose":"FeatureInsight","isMeasurement":true,"endPoint":"none"}},"sync/turnOffEveryWhere":{},"sync.enable":{"enabled":{"classification":"SystemMetaData","purpose":"FeatureInsight","isMeasurement":true,"endPoint":"none"}},"autosync/error":{"code":{"classification":"SystemMetaData","purpose":"FeatureInsight","isMeasurement":true,"endPoint":"none"},"service":{"classification":"SystemMetaData","purpose":"FeatureInsight","isMeasurement":true,"endPoint":"none"}},"sync/triggered":{"sources":{"classification":"SystemMetaData","purpose":"FeatureInsight","isMeasurement":true,"endPoint":"none"}},"sync/settingsCorrupted":{},"sync/conflictsDetected":{"source":{"classification":"SystemMetaData","purpose":"FeatureInsight","isMeasurement":true,"endPoint":"none"}},"sync/conflictsResolved":{"source":{"classification":"SystemMetaData","purpose":"FeatureInsight","isMeasurement":true,"endPoint":"none"}},"sync/incompatible":{"source":{"classification":"SystemMetaData","purpose":"FeatureInsight","isMeasurement":true,"endPoint":"none"}},"galleryService:query":{"filtertypes":{"classification":"SystemMetaData","purpose":"FeatureInsight","endPoint":"none"},"sortby":{"classification":"SystemMetaData","purpose":"FeatureInsight","endPoint":"none"},"sortorder":{"classification":"SystemMetaData","purpose":"FeatureInsight","endPoint":"none"},"duration":{"classification":"SystemMetaData","purpose":"PerformanceAndHealth","isMeasurement":true,"endPoint":"none"},"success":{"classification":"SystemMetaData","purpose":"FeatureInsight","endPoint":"none"},"requestbodysize":{"classification":"SystemMetaData","purpose":"FeatureInsight","endPoint":"none"},"responsebodysize":{"classification":"SystemMetaData","purpose":"FeatureInsight","endPoint":"none"},"statuscode":{"classification":"SystemMetaData","purpose":"FeatureInsight","endPoint":"none"},"errorcode":{"classification":"SystemMetaData","purpose":"FeatureInsight","endPoint":"none"},"count":{"classification":"SystemMetaData","purpose":"FeatureInsight","endPoint":"none"}},"galleryService:cdnFallback":{"url":{"classification":"SystemMetaData","purpose":"FeatureInsight","endPoint":"none"},"message":{"classification":"SystemMetaData","purpose":"FeatureInsight","endPoint":"none"}},"exeExtensionRecommendations:alreadyInstalled":{"extensionid":{"classification":"PublicNonPersonalData","purpose":"FeatureInsight","endPoint":"none"},"exename":{"classification":"PublicNonPersonalData","purpose":"FeatureInsight","endPoint":"none"}},"exeExtensionRecommendations:notInstalled":{"extensionid":{"classification":"PublicNonPersonalData","purpose":"FeatureInsight","endPoint":"none"},"exename":{"classification":"PublicNonPersonalData","purpose":"FeatureInsight","endPoint":"none"}},"update:notAvailable":{"explicit":{"classification":"SystemMetaData","purpose":"FeatureInsight","isMeasurement":true,"endPoint":"none"}},"update:downloaded":{"version":{"classification":"SystemMetaData","purpose":"FeatureInsight","endPoint":"none"}},"workspace.stats":{"workspace.id":{"classification":"SystemMetaData","purpose":"FeatureInsight","endPoint":"none"},"renderersessionid":{"classification":"SystemMetaData","purpose":"FeatureInsight","endPoint":"none"}},"workspace.stats.file":{"renderersessionid":{"classification":"SystemMetaData","purpose":"FeatureInsight","endPoint":"none"},"type":{"classification":"SystemMetaData","purpose":"FeatureInsight","isMeasurement":true,"endPoint":"none"},"count":{"classification":"SystemMetaData","purpose":"FeatureInsight","isMeasurement":true,"endPoint":"none"}},"workspace.stats.launchConfigFile":{"renderersessionid":{"classification":"SystemMetaData","purpose":"FeatureInsight","endPoint":"none"},"type":{"classification":"SystemMetaData","purpose":"FeatureInsight","isMeasurement":true,"endPoint":"none"},"count":{"classification":"SystemMetaData","purpose":"FeatureInsight","isMeasurement":true,"endPoint":"none"}},"workspace.stats.configFiles":{"renderersessionid":{"classification":"SystemMetaData","purpose":"FeatureInsight","endPoint":"none"},"type":{"classification":"SystemMetaData","purpose":"FeatureInsight","isMeasurement":true,"endPoint":"none"},"count":{"classification":"SystemMetaData","purpose":"FeatureInsight","isMeasurement":true,"endPoint":"none"}},"codeAction.applyCodeAction":{"codeactiontitle":{"classification":"SystemMetaData","purpose":"FeatureInsight","endPoint":"none"},"codeactionkind":{"classification":"SystemMetaData","purpose":"FeatureInsight","endPoint":"none"},"codeactionispreferred":{"classification":"SystemMetaData","purpose":"FeatureInsight","endPoint":"none"}},"suggest.durations.json":{"data":{"classification":"SystemMetaData","purpose":"PerformanceAndHealth","endPoint":"none"}},"api/scm/createSourceControl":{"extensionid":{"classification":"SystemMetaData","purpose":"FeatureInsight","endPoint":"none"}},"shimming.open":{"extension":{"classification":"SystemMetaData","purpose":"FeatureInsight","endPoint":"none"}},"shimming.open.call.noForward":{"extension":{"classification":"SystemMetaData","purpose":"FeatureInsight","endPoint":"none"}},"extensionActivationTimes":{"outcome":{"classification":"SystemMetaData","purpose":"FeatureInsight","endPoint":"none"},"id":{"classification":"PublicNonPersonalData","purpose":"FeatureInsight","endPoint":"none"},"name":{"classification":"PublicNonPersonalData","purpose":"FeatureInsight","endPoint":"none"},"extensionversion":{"classification":"PublicNonPersonalData","purpose":"FeatureInsight","endPoint":"none"},"publisherdisplayname":{"classification":"SystemMetaData","purpose":"FeatureInsight","endPoint":"none"},"activationevents":{"classification":"SystemMetaData","purpose":"FeatureInsight","endPoint":"none"},"isbuiltin":{"classification":"SystemMetaData","purpose":"FeatureInsight","isMeasurement":true,"endPoint":"none"},"reason":{"classification":"SystemMetaData","purpose":"FeatureInsight","endPoint":"none"},"reasonid":{"classification":"PublicNonPersonalData","purpose":"FeatureInsight","endPoint":"none"},"startup":{"classification":"SystemMetaData","purpose":"PerformanceAndHealth","isMeasurement":true,"endPoint":"none"},"codeloadingtime":{"classification":"SystemMetaData","purpose":"PerformanceAndHealth","isMeasurement":true,"endPoint":"none"},"activatecalltime":{"classification":"SystemMetaData","purpose":"PerformanceAndHealth","isMeasurement":true,"endPoint":"none"},"activateresolvedtime":{"classification":"SystemMetaData","purpose":"PerformanceAndHealth","isMeasurement":true,"endPoint":"none"}},"extHostDeprecatedApiUsage":{"extensionid":{"classification":"SystemMetaData","purpose":"PerformanceAndHealth","endPoint":"none"},"apiid":{"classification":"SystemMetaData","purpose":"PerformanceAndHealth","endPoint":"none"}},"commandExecuted":{"id":{"classification":"SystemMetaData","purpose":"FeatureInsight","endPoint":"none"},"from":{"classification":"SystemMetaData","purpose":"FeatureInsight","endPoint":"none"}},"editorActionInvoked":{"name":{"classification":"SystemMetaData","purpose":"FeatureInsight","endPoint":"none"},"id":{"classification":"SystemMetaData","purpose":"FeatureInsight","endPoint":"none"}},"windowerror":{"type":{"classification":"SystemMetaData","purpose":"PerformanceAndHealth","isMeasurement":true,"endPoint":"none"}},"serverStart":{"starttime":{"classification":"SystemMetaData","purpose":"PerformanceAndHealth","endPoint":"none"},"startedtime":{"classification":"SystemMetaData","purpose":"PerformanceAndHealth","endPoint":"none"},"codeloadedtime":{"classification":"SystemMetaData","purpose":"PerformanceAndHealth","endPoint":"none"},"readytime":{"classification":"SystemMetaData","purpose":"PerformanceAndHealth","endPoint":"none"}},"UnhandledError":{"callstack":{"classification":"CallstackOrException","purpose":"PerformanceAndHealth","endPoint":"none"},"msg":{"classification":"CallstackOrException","purpose":"PerformanceAndHealth","endPoint":"none"},"file":{"classification":"CallstackOrException","purpose":"PerformanceAndHealth","endPoint":"none"},"line":{"classification":"CallstackOrException","purpose":"PerformanceAndHealth","isMeasurement":true,"endPoint":"none"},"column":{"classification":"CallstackOrException","purpose":"PerformanceAndHealth","isMeasurement":true,"endPoint":"none"},"uncaught_error_name":{"classification":"CallstackOrException","purpose":"PerformanceAndHealth","endPoint":"none"},"uncaught_error_msg":{"classification":"CallstackOrException","purpose":"PerformanceAndHealth","endPoint":"none"},"count":{"classification":"CallstackOrException","purpose":"PerformanceAndHealth","isMeasurement":true,"endPoint":"none"}}},"commonProperties":{"vscode.abexp.features":{"classification":"SystemMetaData","purpose":"FeatureInsight","endPoint":"none"},"abexp.assignmentcontext":{"classification":"SystemMetaData","purpose":"FeatureInsight","endPoint":"none"},"common.firstsessiondate":{"classification":"SystemMetaData","purpose":"FeatureInsight","endPoint":"none"},"common.lastsessiondate":{"classification":"SystemMetaData","purpose":"FeatureInsight","endPoint":"none"},"common.isnewsession":{"classification":"SystemMetaData","purpose":"FeatureInsight","endPoint":"none"},"common.remoteauthority":{"classification":"SystemMetaData","purpose":"PerformanceAndHealth","endPoint":"none"},"common.machineid":{"classification":"EndUserPseudonymizedInformation","purpose":"FeatureInsight","endPoint":"MacAddressHash"},"sessionid":{"classification":"SystemMetaData","purpose":"FeatureInsight","endPoint":"none"},"commithash":{"classification":"SystemMetaData","purpose":"PerformanceAndHealth","endPoint":"none"},"version":{"classification":"SystemMetaData","purpose":"FeatureInsight","endPoint":"none"},"common.platform":{"classification":"SystemMetaData","purpose":"FeatureInsight","endPoint":"none"},"common.product":{"classification":"SystemMetaData","purpose":"PerformanceAndHealth","endPoint":"none"},"common.useragent":{"classification":"SystemMetaData","purpose":"FeatureInsight","endPoint":"none"},"timestamp":{"classification":"SystemMetaData","purpose":"FeatureInsight","endPoint":"none"},"common.timesincesessionstart":{"classification":"SystemMetaData","purpose":"FeatureInsight","endPoint":"none","isMeasurement":true},"common.sequence":{"classification":"SystemMetaData","purpose":"FeatureInsight","endPoint":"none","isMeasurement":true},"common.version.shell":{"classification":"SystemMetaData","purpose":"PerformanceAndHealth","endPoint":"none"},"common.version.renderer":{"classification":"SystemMetaData","purpose":"PerformanceAndHealth","endPoint":"none"},"common.instanceid":{"classification":"SystemMetaData","purpose":"FeatureInsight","endPoint":"none"},"pluginhosttelemetry":{"classification":"SystemMetaData","purpose":"FeatureInsight","endPoint":"none","isMeasurement":true},"common.platformversion":{"classification":"SystemMetaData","purpose":"FeatureInsight","endPoint":"none"},"common.nodeplatform":{"classification":"SystemMetaData","purpose":"PerformanceAndHealth","endPoint":"none"},"common.nodearch":{"classification":"SystemMetaData","purpose":"PerformanceAndHealth","endPoint":"none"},"common.msftinternal":{"classification":"SystemMetaData","purpose":"FeatureInsight","endPoint":"none","isMeasurement":true},"common.snap":{"classification":"SystemMetaData","purpose":"FeatureInsight","endPoint":"none"},"common.source":{"classification":"SystemMetaData","purpose":"FeatureInsight","endPoint":"none"}}}